Num of Sent,Total Words,Nouns,Verbs ,Adj,Adv,Allcon,ExptempCon,IntVerbs,CausalVerbs,NounPhraseDens,VerbPhraseDens,AdvPhraseDens,PrepPhraseDens,AgtlessPassVoiceDens,TextEasaPCWdConc,TextEasaPCRfCoh,TextEasaPCdpCoh,TextEasaPCCon,TextEasaPCTemp,ContWdOvlpAdjSent,ArgOvrlapAllsent ,ContWdOvlpAllSent,LSAOvlpAdjSent,LSASentAll,LexdivContWd,Lexdivallword,RintPartIntVbs,RCasPartCausalVbs,LeftEmbWdsBefMainVrb,NumModPerNounPhrase,SentSyntSimAdjSent,SenSynSimAllComb,CWdFreqContWds,FamContWds,ConContWds,ImagContWds,MeaningContWds,PolyContWds,MnSentLen,SentlenStanDev,WdlenNumofSyll,WdlenNumofSyllSD,FeschRd,LIWCWds>6 let ,Total Function Words,Total Pronouns ,Personal Pronouns,LIWC1stpersing,LIWC1stpersplur,LIWC2ndper ,LIWC3rdpersing,LIWC3rdpersplur,LIWCImperspron,LIWCArt,ÿLIWCComVbs ,ÿLIWCAuxVbs ,LIWCPasttenseVbs ,LIWCPrestensVbs ,LIWCFuttensVbs,LIWCPrep ,LIWCConj,LIWCNeg,ÿLIWCQuant,LIWCNum,LIWCAffectProc,LIWCPosEmot,LIWCNegEmot,LIWCCogMech,LIWCInsight,LIWCCausal,LIWCDiscrep,LIWCTent,LIWCCertain,LIWCInhibit,LIWCIncl,LIWCExcl,LIWCPercProc,LIWCRelativity,LIWCNegWdsLM ,LIWCPosWrdsLM,LIWCModWdsStrongLM,LIWCModWrdsWeakLM,LIWCUncertLM,LIWCModalVrbsLM,LIWCPassVbsLM,class
285,6550,315.4,104.73,91.39,34.27,81.75,19.98,12.33,23.9,388.71,159.4,21.08,149.61,13.43,-0.12,-0.64,-0.19,-1.8,-0.76,0.08,0.35,0.08,0.24,0.24,0.58,0.35,1.49,0.33,5.62,1.15,0.08,0.07,1.95,554.39,373.41,401.45,425.77,3.75,22.99,14.23,1.72,1.02,38.22,31.35,47.41,5.18,1.96,0.13,0.97,0.3,0.11,0.45,3.22,9.41,6.92,5.29,1.99,3.92,0.53,17.83,5.71,0.39,2.7,1.18,3.83,3.42,0.38,13.9,1.71,2.49,0.44,1.35,0.78,0.74,5.88,1,0.58,15.7,0.49,1.43,0.36,0.13,0.31,0.66,0.8,F
304,6318,318.58,100.08,84.79,31.81,75.56,20.35,12.45,22.41,392.04,159.31,20.56,145.79,11.22,-0.34,-0.5,-0.27,-1.07,-0.72,0.08,0.37,0.08,0.23,0.25,0.58,0.34,1.64,0.4,4.69,1.17,0.08,0.07,1.98,556.84,374.55,401.14,425.84,3.66,20.79,12.68,1.72,1.03,40.3,30.62,46.69,5.85,2.55,0.1,2.07,0.02,0.02,0.35,3.3,10.01,7.14,5.63,1.98,3.3,1.04,16.96,4.61,0.26,2.36,3.86,4,3.63,0.37,12.21,1.32,2.34,0.45,0.62,0.88,0.65,5.5,0.43,0.81,13.92,0.44,1.63,0.83,0.13,0.29,1.21,1.16,F
73,1390,311.51,89.93,81.3,18.71,84.89,20.14,12.23,22.3,430.22,134.53,11.51,168.35,17.27,-0.07,-0.68,0.38,-1.4,0.94,0.08,0.26,0.08,0.27,0.29,0.63,0.38,1.78,0.5,4.3,1.11,0.09,0.07,1.98,551.61,382.17,406.45,438.37,3.32,19.04,14.6,1.71,0.99,49.93,34.38,48.89,3.13,1.15,0,0.15,0,0.08,0.92,1.99,11,5.65,4.66,2.83,1.83,0.38,19.1,4.97,0.23,3.36,3.97,4.66,3.9,0.76,10.16,1.22,1.99,0.15,0.92,0.61,0.61,4.51,0.46,0.23,14.21,1.15,1.6,0.38,0,0.46,0.46,1.15,N
78,1425,316.49,96.84,77.19,24.56,80.7,20.35,11.93,19.65,415.44,136.14,16.84,162.11,14.74,-0.01,-0.7,-0.11,-1.72,0.5,0.08,0.29,0.03,0.28,0.32,0.62,0.38,1.33,0.55,3.99,1.09,0.07,0.07,2,554.96,386.81,408.8,435,3.43,18.27,13.63,1.71,0.98,44.05,32.07,44.56,3.23,1.26,0,0,0,0.07,1.19,1.96,8.98,5.4,4.35,2.95,1.61,0.28,17.54,4.77,0.35,3.37,9.05,4.14,3.51,0.63,10.25,1.05,1.68,0.14,1.12,0.42,0.7,4.7,0.63,0.28,16,0.75,2.02,0.3,0.07,0.07,0.45,0.9,N
292,5062,345.29,90.88,88.34,23.29,73.96,21.01,8.67,22.91,389.35,142.22,14.44,146.29,11.84,-0.4,-0.96,-0.1,-0.79,0.39,0.07,0.3,0.07,0.21,0.2,0.56,0.36,1.71,0.37,3.12,1.25,0.11,0.07,1.94,388.31,388.98,408.76,424.7,3.54,16.75,11.93,1.75,0.68,41.87,31.67,42.76,5.22,2.68,0.18,1.97,0.04,0.02,0.47,2.54,9.08,5.59,4.59,1.52,3.23,0.47,16.25,4.33,0.14,2.46,5.67,4.47,4,0.47,12.57,1.75,3.21,0.28,0.43,0.79,0.7,5.65,0.3,0.59,15.13,0.35,2.97,0.45,0.12,0.29,0.68,0.78,F
308,5939,338.76,102,85.28,25.01,72.13,19.79,11.09,23.01,398.5,145.14,18.15,149.93,10.99,-0.4,-0.8,-0.3,-0.83,-0.36,0.09,0.35,0.05,0.22,0.24,0.56,0.36,1.55,0.37,3.85,1.23,0.08,0.07,1.95,555.17,381.52,404.34,420.25,3.58,19.13,12.49,1.75,1.02,39.37,32.9,42.86,4.57,2.46,0.17,2.02,0,0.05,0.22,2.11,8.44,6.06,4.99,1.77,3.34,0.45,16.81,4.75,0.1,2.78,6.12,4.78,4.06,0.72,12.95,2.09,2.59,0.29,0.54,0.76,0.51,6.35,0.29,0.57,15.35,0.81,2.61,0.44,0.11,0.37,0.6,0.85,F
507,9410,333.07,101.38,75.16,21.8,77.48,20.77,11.9,25.66,398.36,164.07,14.48,153.4,12.97,-0.57,0.18,0.02,-1.24,0.18,0.12,0.46,0.12,0.27,0.32,0.47,0.29,1.81,0.31,4.99,1.1,0.09,0.08,1.95,547.4,378,397.47,419.05,3.64,20.56,16.11,1.71,1,41.17,28.55,46.02,4.13,2.6,0.09,1.51,0.01,0.31,0.67,2.53,9.66,7.21,5.44,1.88,3.38,0.96,17.89,4.73,0.48,2.22,1.18,4.7,4.38,0.31,12.76,1.69,2.74,0.45,1.66,0.65,0.67,4.62,1.33,0.52,14.45,0.35,1.51,0.66,0.28,0.59,1.13,1.19,N
389,7237,337.15,100.97,78.52,21.12,82.7,24.66,13.88,25.76,406.59,151.55,14.42,157.81,12.12,-0.55,-0.04,0.25,-1.42,0.35,0.11,0.47,0.07,0.24,0.29,0.48,0.29,2.1,0.35,4.94,1.13,0.09,0.08,1.94,549.43,376.49,397.87,422.92,3.52,19.43,15.71,1.73,1.01,40.77,32.53,45.16,4.78,2.49,0.1,1.38,0.01,0.3,0.69,2.3,9.73,6.39,4.93,1.68,2.59,1.18,18.09,4.94,0.47,2.51,0.49,3.95,3.74,0.19,13.65,1.68,2.27,0.55,2.67,0.57,0.93,4.81,1.7,1.06,14.71,0.36,1.15,0.72,0.43,0.6,1.31,1.12,N
542,11165,346.34,101.4,94.39,27.94,82.73,21.72,12.01,24.35,392.18,136.77,16.89,139.39,9.76,-0.08,0.27,-0.04,-1.74,0,0.15,0.51,0.09,0.28,0.29,0.48,0.31,2,0.36,5.44,1.3,0.1,0.08,1.88,558.63,383.23,407.24,425.84,3.4,21.53,12.87,1.8,1.05,32.91,36.28,42.89,5.23,2.75,0.08,2.35,0.15,0,0.16,2.49,7.55,5.7,3.87,1.91,3.11,0.36,16.09,5.99,0.31,3.76,1.98,3.78,3.27,0.5,15.32,1.71,3.12,0.5,0.7,0.9,1.1,7.28,0.8,0.72,16.65,0.72,1.33,0.31,0.08,0.52,0.6,0.41,F
561,12033,364.26,93.57,102.71,26.51,88.52,16.43,12.35,22.4,407.3,117.19,17.19,144.76,8.99,-0.28,-0.01,-0.28,-2.02,0.06,0.14,0.45,0.09,0.29,0.3,0.47,0.31,1.4,0.37,5.7,1.29,0.09,0.08,1.83,549.4,382.66,403.83,421.67,3.27,22.26,14.33,1.86,1.05,27.1,38.85,40.81,4.26,1.94,0.06,1.65,0.02,0.03,0.18,2.32,6.52,4.66,3.43,1.65,2.41,0.28,16.15,6.35,0.35,3.24,2,4.66,3.76,0.9,15.43,1.79,2.93,0.51,0.8,0.9,1.1,7.33,0.69,0.61,15.35,1.07,1.45,0.21,0.15,0.89,0.5,0.35,F
698,13090,362.3,100.69,91.96,32.68,92.2,20.65,13.44,24.74,391.2,134.96,19.53,131.91,6.43,0.08,-0.64,0.33,-2.48,-0.01,0.11,0.58,0.07,0.23,0.24,0.54,0.36,2.1,0.28,5.21,1.31,0.1,0.09,1.87,555.32,386.19,407.35,428.25,3.43,20.08,10.4,1.84,1.06,30.88,38.31,41.2,5.49,3.47,0.05,2.83,0.05,0.07,0.47,2.02,6.53,5.59,3.81,1.73,3.09,0.4,14.79,6.7,0.4,3.48,1.88,5.08,4.1,0.98,16.86,2.14,3.74,0.55,1.2,0.93,1.17,7.44,1.01,0.56,14.37,1.24,2.18,0.37,0.18,0.65,0.77,0.43,N
886,16558,357.83,103.14,100.58,27.32,94.75,18.18,11.9,25.66,403.77,137.33,17.91,130.8,5.44,0,-0.63,0,-2.72,0.42,0.11,0.41,0.07,0.23,0.23,0.51,0.34,1.87,33.45,4.24,1.22,0.09,0.08,1.9,557.77,383.25,406.26,432.38,3.42,19.84,12.22,1.87,1.1,28.33,38.36,40.86,6.26,3.84,0.19,3.24,0.04,0.06,0.3,2.42,5.56,5.34,3.45,1.39,3.32,0.38,14.99,7.13,0.31,2.83,1.83,5.15,3.93,1.19,17.35,2.21,3.49,0.52,1.14,0.91,1.04,8.17,0.81,0.6,13.99,1.27,2.18,0.45,0.09,0.71,0.61,0.27,N
472,9548,359.19,101.45,114.62,30.51,76.63,20.02,9.32,25.32,383.62,129.51,17.15,141.34,5.86,0.04,-0.6,0.12,-1.23,-0.21,0.11,0.58,0.06,0.24,0.26,0.57,0.37,2.05,0.34,5.4,1.28,0.09,0.08,1.83,551.35,391.12,411.79,430.33,3.3,20.59,14.38,1.86,1.1,29.01,37.55,38.77,4.05,1.42,0.1,1.2,0.01,0.03,0.09,2.63,7.8,4.18,2.72,1.24,2.01,0.49,16.37,4.89,0.12,1.66,2.16,3.41,2.44,0.97,12.62,1.96,3.21,0.4,0.9,0.69,0.66,4.96,0.25,1.03,13.59,1.42,1.42,0.26,0.27,0.82,0.66,0.4,F
354,6802,331.99,88.12,115.56,24.27,73.41,23.69,9.91,21.18,403.74,119.55,17.1,134.8,5.52,-0.06,-0.23,-0.11,-1.17,0.18,0.12,0.47,0.08,0.25,0.25,0.53,0.35,3.05,0.28,4.23,1.27,0.08,0.07,1.87,554.33,393.64,415.61,427.48,3.06,19.14,13.07,1.77,1.05,37.37,36.23,40.97,4.87,2.35,0.12,2.14,0.01,0,0.07,2.51,8.16,4.64,3.38,1.02,2.14,0.96,15.76,5.01,0.19,1.98,2.71,3.5,2.54,0.96,12.84,1.62,3.14,0.39,0.91,0.61,0.58,5.6,0.36,0.57,13.77,1.17,1.62,0.72,0.28,0.79,1.17,0.42,F
423,8414,352.57,101.95,108.68,26.8,87.73,28.4,12.94,20.51,406.04,143.1,19.26,143.62,4.54,0.11,-0.57,0.56,-1.42,0.33,0.09,0.52,0.06,0.23,0.25,0.52,0.33,1.67,0.44,4.45,1.21,0.08,0.07,1.86,552.59,394.92,413.84,431.3,3.36,20.11,14.35,1.79,1.04,34.63,33.94,41.8,4.2,1.91,0.08,1.68,0.01,0,0.13,2.29,9.16,4.23,2.92,1.31,1.89,0.82,17.05,5.5,0.11,2.19,1.71,3.07,2.3,0.71,14.15,1.78,3.19,0.52,0.56,1.22,0.51,6.38,0.31,1.31,15.88,1.42,1.76,0.81,0.06,0.59,1.03,0.36,N
357,7273,338.89,103.13,111.54,33.83,84.51,30.69,14.07,24.03,394.41,147.96,20.76,143.75,4.26,0.18,-0.38,0.45,-1.33,0.06,0.1,0.42,0.07,0.24,0.26,0.51,0.33,1.7,0.36,4.69,1.23,0.08,0.06,1.88,556.54,395.72,415.95,430.05,3.37,20.72,13.72,1.78,1.03,34.96,32.96,41.25,4.3,2.01,0.07,1.86,0,0,0.08,2.29,8.55,4.34,2.95,1.25,2.22,0.62,17.08,5.32,0.21,2.18,1.72,2.89,2.34,0.54,12.45,1.36,2.25,0.81,0.68,1.08,0.33,5.67,0.51,1.34,16.31,1.13,1.79,0.58,0.14,0.26,0.79,0.37,N
459,10075,379.38,81.88,83.99,23.45,83.19,19.67,11.26,22.36,395.11,121.99,15.27,142.32,8.38,0.33,-0.49,-0.04,-1.48,-0.32,0.1,0.42,0.1,0.24,0.26,0.55,0.34,2.16,0.3,4.77,1.35,0.09,0.07,1.93,555.83,393.37,414.7,435.58,3.4,22.11,16.05,1.77,1.03,35.04,34.27,40.8,4.25,1.6,0.08,0.98,0.03,0.13,0.38,2.66,8.6,4.98,3.98,1.5,2.5,0.54,15.65,5.28,0.12,2.28,5.1,3.54,3.2,0.31,11.66,1.41,1.76,0.36,0.82,0.52,0.63,5.78,0.35,0.4,13.06,0.25,1.93,0.44,0.14,0.35,0.68,0.65,F
484,11599,378.48,84.46,87.92,23.78,83.45,21.02,9.19,20.01,401.37,121.44,14.35,141.37,8.72,0.38,-0.35,0.2,-1.46,-0.26,0.1,0.47,0.06,0.24,0.28,0.54,0.34,2.65,0.37,4.85,1.35,0.08,0.07,1.91,556.18,394.44,416.63,435.38,3.49,24,16.12,1.78,1.05,31.63,35.49,40.38,4.32,1.24,0.05,0.85,0.05,0.09,0.2,3.08,8.76,4.86,3.92,1.53,2.27,0.61,15.24,5.27,0.13,2.1,5.07,3.72,3.42,0.26,12.28,1.71,2.2,0.43,0.82,0.45,0.68,5.55,0.38,0.47,13.1,0.25,2.22,0.44,0.12,0.39,0.77,0.72,F
176,3656,328.56,102.36,92.06,32.56,75.74,36.26,10.37,27.73,382.97,148.62,21.13,151.78,17.05,-0.09,-0.84,0.22,-1.12,-0.53,0.07,0.48,0.07,0.2,0.18,0.61,0.37,1.98,0.43,5.31,1.18,0.08,0.08,2.06,563.89,384.19,415.74,426.38,3.92,20.52,12.3,1.73,1,40.08,31.83,45.59,4.47,2.37,0.03,1.93,0,0.08,0.33,2.1,10.54,7.47,5.42,3.71,2.7,0.49,16.57,4.31,0.25,2.86,4.22,4.71,4.01,0.71,10.84,0.9,2.18,0.41,0.54,1.12,0.63,4.69,0.57,1.44,18.86,0.28,2.59,0.56,0.03,0.23,0.73,0.79,N
142,2771,333.58,100.68,91.55,26.77,88.71,31.39,8.92,30.03,383.74,152.43,18.96,144.89,15.15,-0.2,-0.55,0.58,-2.04,0.65,0.11,0.35,0.05,0.27,0.24,0.65,0.37,2.81,0.37,4.58,1.21,0.08,0.09,2.05,561.53,378.89,406.59,421.05,3.96,18.06,11.44,1.79,1.04,37.24,32.98,45.88,4.88,1.95,0.04,1.37,0.04,0.11,0.4,2.93,9.9,6.68,4.77,3.43,2.24,0.4,16.18,5.35,0.33,3.22,4.05,5.49,4.37,1.12,12.17,0.9,2.24,0.43,0.83,1.26,0.79,5.46,0.47,0.83,17.74,0.28,2.56,0.48,0.19,0.33,0.74,0.7,N
751,14318,377.11,109.89,99.51,28.86,82,15.33,18.95,26.17,381.78,157.6,16.89,123.63,6.28,-0.01,-0.5,-0.28,-1.7,-0.63,0.11,0.62,0.07,0.21,0.2,0.53,0.35,0.99,0.27,4.28,1.24,0.09,0.08,1.92,553.37,382.31,407.88,425.4,3.49,19.36,11.46,1.85,1.06,30.87,35.79,38.36,4.44,2.18,0.02,1.85,0.03,0.02,0.26,2.25,6.49,5.09,3.64,0.69,3.42,0.68,14.84,5.84,0.36,2.44,4.51,4.72,3.74,0.99,13.69,1.56,2.58,0.61,0.91,0.83,0.5,6.55,0.6,0.63,13.89,0.73,1.42,0.67,0.22,1.22,1.07,0.32,F
838,14639,368.7,111.31,98.26,29.5,80,14.56,16.06,30.11,390.06,153.29,19.12,134.6,6.94,-0.19,-0.47,-0.33,-1.64,-0.36,0.11,0.59,0.07,0.23,0.21,0.5,0.33,1.21,0.28,3.77,1.22,0.09,0.08,1.92,551.65,381.33,405.55,424.43,3.52,18.22,10.7,1.87,1.07,29.83,37.06,38,4.43,2.15,0.01,1.89,0,0,0.25,2.28,6.07,4.56,3.45,0.67,3.21,0.39,15.32,5.62,0.27,3.06,4.79,5.16,4.11,1.06,13.83,1.71,2.53,0.67,0.9,0.97,0.42,6.67,0.5,0.46,14.14,0.64,1.58,0.36,0.19,1.46,0.67,0.33,F
946,19893,345.5,93.98,105.89,27.03,77.1,14.59,9.83,22.41,391.54,120.3,18.03,137.7,6.94,-0.37,-0.05,-0.59,-1.86,0.2,0.13,0.61,0.09,0.3,0.28,0.45,0.29,2.09,0.24,4.67,1.37,0.08,0.07,1.84,551.95,377.37,399.59,429.63,3.22,23.94,16.25,1.86,1.06,24.96,39.07,37.52,3.06,1.3,0.02,1.23,0,0,0.04,1.76,6.48,3.62,2.55,1.13,1.84,0.38,14.9,5.29,0.21,3.32,10.79,4.07,2.72,1.35,13.11,2.1,2.32,0.61,1.2,0.82,0.51,5.94,0.72,0.61,14.75,1.18,1.15,0.33,0.17,0.99,0.58,0.32,N
1307,23438,398.78,94.39,94.41,24.72,81.8,15.26,14.16,25.29,391.83,127.4,14.11,127.23,7.26,0.22,-0.18,-0.53,-2.39,0.04,0.13,0.44,0.08,0.27,0.28,0.47,0.32,1.29,0.17,4.04,1.36,0.1,0.08,1.81,551.84,401.24,416.68,427.98,3.43,18.41,12.99,1.91,1.11,26.73,39.87,35.84,3.74,0.94,0.02,0.81,0,0,0.11,2.8,6.3,3.86,3.13,0.7,2.35,0.53,14.13,5.75,0.21,2.45,4.85,3.06,2.55,0.52,12.8,0.97,2.11,0.47,1.51,0.8,0.56,6.33,0.73,0.52,13.56,0.39,0.85,0.39,0.2,0.96,0.74,0.31,N
945,19716,334.74,90.55,90.29,24.95,77.64,16.74,7.89,26.43,415.23,126.39,13.6,142.91,9.55,-0.2,0.08,-0.17,-1.47,0.21,0.13,0.64,0.13,0.26,0.26,0.5,0.3,2.38,0.26,4.75,1.16,0.09,0.07,1.89,549.87,387.81,411.56,424.07,3.21,21.06,12.41,1.74,1.03,38.38,34.41,44.74,4.98,2.89,0.03,2.74,0,0,0.11,2.09,9.64,4.91,3.9,1.6,2.25,0.56,16.88,5.3,0.13,2.52,2.61,3.71,2.76,0.96,12.82,0.96,3.24,0.34,1.26,0.56,0.77,5.72,0.63,0.32,13.86,1.27,1.58,0.33,0.29,1,0.72,0.58,F
1061,18597,351.31,91.48,90.28,27.71,80.12,16.92,9.19,25.27,408.02,130.82,16.38,150.44,10.92,-0.54,-0.39,-0.2,-1.56,0.63,0.1,0.54,0.07,0.23,0.22,0.51,0.32,2.32,0.27,3.88,1.18,0.08,0.07,1.92,550.21,385.51,407.29,417.08,3.27,17.46,11.79,1.77,1.06,39.23,34.13,44.1,4.13,1.81,0.06,1.64,0,0.01,0.09,2.33,9.66,5.38,4.31,1.86,2.37,0.46,17.92,5.39,0.19,2.49,1.11,3.64,2.4,1.23,13.5,1.08,3.29,0.39,1.02,0.7,0.7,6.27,0.43,0.28,14.32,1.27,1.5,0.3,0.26,1.18,0.77,0.7,F
591,11717,366.93,102.34,120.07,26.79,89.51,12.73,9.55,24.15,374.36,155.64,16.95,131.54,9.13,-0.01,-0.79,-0.3,-2.74,-0.17,0.09,0.39,0.06,0.24,0.26,0.54,0.36,1.54,0.32,5.16,1.33,0.08,0.07,1.85,550.73,384.31,407.07,421.43,3.55,21.03,13.44,1.91,1.11,23.69,38.84,39.98,3.33,1.46,0.24,1.03,0.02,0.06,0.1,1.87,7.17,5.2,4.18,0.91,3.2,0.66,15.94,6.55,0.24,3.13,0.98,4.68,3.15,1.52,15.03,1.15,3.04,0.25,1.69,0.95,0.87,6.82,0.91,0.32,14.24,2.18,2.07,0.46,0.39,1.3,0.75,0.64,N
1052,19718,369.77,100.92,113.98,24.46,91.15,15.66,9.99,22.31,388.85,150.75,16.21,131.61,9,-0.2,-1.13,-0.28,-2.88,0.47,0.07,0.46,0.07,0.2,0.22,0.54,0.36,1.57,0.25,4,1.26,0.08,0.08,1.86,549.25,379.57,405.93,425.41,3.5,18.88,14.92,1.92,1.12,25.17,38.33,39.99,4.37,2.55,0.18,2.2,0.01,0,0.16,1.82,6.55,4.63,3.62,0.92,2.89,0.56,15.9,6.86,0.23,2.82,0.85,4.83,3.31,1.5,14.85,1.11,2.37,0.34,1.49,0.87,0.96,7.78,0.78,0.35,14.63,1.83,2.01,0.43,0.33,1.33,0.72,0.39,N
252,3511,330.09,116.99,101.59,21.42,73.98,24.9,10.34,31.77,416.55,161.67,15.2,143.94,16.75,-0.85,-1.15,0.17,-1.04,0.65,0.07,0.21,0.11,0.2,0.21,0.5,0.35,1.85,0.39,3.36,1,0.11,0.08,1.91,551.86,383.04,395.32,417.39,3.71,13.7,11.98,1.75,0.98,45.18,35.33,44.24,3.52,0.99,0,0.66,0.06,0,0.27,2.53,8.46,6.8,4.6,2.83,2.77,0.42,17.94,4.27,0.33,4.39,2.41,3.16,2.2,0.96,13.36,2.53,2.08,0.72,1.26,0.75,0.48,5.42,0.39,2.71,14.44,1.63,0.69,0.12,0.33,0.87,0.48,1.29,F
338,5237,322.8,108.88,97.71,22.55,80.29,25.73,10.06,28.2,407.82,167.37,14.52,162.88,16.47,-0.67,-0.79,0.54,-1.01,0.66,0.09,0.26,0.05,0.25,0.24,0.5,0.32,2.66,0.39,4.02,1.06,0.09,0.08,1.92,554.44,381.84,397.38,422.29,3.74,15.51,11.99,1.75,1.01,43.24,34.64,45.79,4.09,1.05,0,0.75,0.02,0,0.28,3.04,7.69,7.31,5.28,2.68,3.42,0.32,19.19,4.69,0.38,3.77,2.17,3.42,2.58,0.83,13.87,2.36,2.38,0.7,0.91,0.97,0.34,5.78,0.68,0.26,14.92,0.89,0.66,0.2,0.36,0.83,0.64,1.45,F
612,10231,376.72,95.73,90.14,33.05,84.78,20.71,9.23,31.7,445.85,119.67,21.56,170.22,7.16,0.33,-1.44,0.29,-2.12,0.44,0.05,0.32,0.04,0.15,0.12,0.55,0.36,1.92,0.22,4.25,0.93,0.1,0.08,1.98,557.97,399.18,421.62,432.63,3.42,16.98,10.32,1.69,1,46.45,30.12,42.51,2.3,0.17,0,0.07,0,0,0.1,2.13,7.77,4.89,3.11,2.77,1.69,0.18,19.28,5.81,0.08,2.57,1.7,3.87,3.01,0.85,12.56,0.9,3.5,0.32,0.85,0.69,0.36,5.54,0.44,0.71,17.95,1.25,1.92,0.18,0.1,0.3,0.29,0.36,N
748,13360,350.48,97.33,82.8,38.62,83.96,22.66,15.56,28.28,437.99,128.73,24.04,161.83,4.84,0.03,-1.02,0.21,-1.83,0.06,0.07,0.34,0.05,0.19,0.17,0.53,0.34,1.3,0.28,4.64,0.98,0.08,0.08,1.98,559.01,388.23,414.6,426.2,3.47,18.02,11.93,1.71,1.01,43.5,31.37,45.1,4.29,2.36,0,2.1,0,0,0.26,1.94,7.5,4.72,3.07,2.19,1.96,0.29,19.79,5.49,0.24,2.4,1.94,4.13,3.37,0.72,13.6,1.29,3.02,0.18,0.89,0.89,0.66,6.14,0.52,0.56,17.5,1.26,2.05,0.31,0.16,0.42,0.45,0.34,N
960,22833,361.7,101.08,96,26.18,81.78,18.9,12.1,25.01,383.22,141.03,16.59,134.73,8.83,-0.47,0.9,-0.12,-1.74,-0.44,0.17,0.62,0.12,0.37,0.39,0.43,0.29,1.91,0.29,5.19,1.4,0.09,0.08,1.87,548.61,375.44,392.17,415.06,3.54,23.89,14.85,1.88,1.1,23.18,40.04,39.81,3.3,0.35,0.05,0.02,0,0.01,0.27,2.95,8.32,5.36,3.88,1.66,2.54,0.64,15.78,5.93,0.41,2.49,0.48,2.83,2.3,0.53,14.39,2.05,2.83,0.62,2.05,0.91,1.19,5.36,1.31,0.22,15.05,0.81,0.72,0.35,0.4,1.07,1.03,0.62,F
841,20347,362.93,100.95,96.88,27.72,83.19,19.24,11.75,24.22,379.53,139.91,18.05,134.85,9.46,-0.49,0.74,0.15,-1.69,-0.47,0.16,0.59,0.16,0.38,0.44,0.44,0.3,2.19,0.34,5.56,1.41,0.09,0.08,1.85,547.51,378.58,392.92,412.37,3.53,24.54,15.82,1.92,1.12,19.67,40.4,39.81,3.4,0.44,0.03,0.06,0,0.01,0.34,2.96,8.15,5.24,3.81,1.44,2.61,0.65,16.07,5.86,0.43,2.52,0.44,2.74,2.15,0.58,14.19,2.07,2.87,0.57,2.02,0.95,1.23,5.12,1.31,0.28,14.7,0.83,0.79,0.31,0.4,1,0.99,0.6,F
810,18775,344.21,108.45,98.89,26.46,84.85,14.61,8.01,26.75,370.88,157.58,16.14,130.91,8.1,-0.63,0.91,0.04,-1.97,-0.41,0.18,0.64,0.18,0.4,0.34,0.45,0.29,2.66,0.25,5.52,1.32,0.09,0.08,1.91,552.94,370.85,389.78,406.94,3.61,23.25,13.12,1.88,1.12,23.81,39.64,42.4,3.7,0.33,0.03,0.01,0,0,0.29,3.36,9.47,5.39,4.32,0.72,2.97,1.01,15.67,6.08,0.54,2.45,0.87,3.04,2.33,0.7,14.1,1.33,2.13,0.84,2.21,0.91,0.93,5.53,1.5,0.4,13.29,0.95,0.8,0.58,0.57,1.26,1.34,0.67,N
894,20951,344.99,106.76,100.62,26.37,85.07,15.1,7.68,26.52,371.49,154.44,15.75,130.83,8.23,-0.57,0.91,0.07,-2.01,-0.38,0.18,0.65,0.1,0.35,0.35,0.45,0.28,2.8,0.23,5.55,1.32,0.09,0.08,1.91,552.64,372.01,390.74,407.6,3.61,23.49,13.37,1.88,1.12,23.66,39.67,42.39,3.69,0.33,0.03,0,0,0,0.29,3.37,9.46,5.38,4.32,0.72,2.96,1.01,15.67,6.08,0.54,2.44,0.87,3.04,2.33,0.7,14.1,1.33,2.13,0.84,2.21,0.91,0.93,5.53,1.5,0.4,13.28,0.95,0.8,0.58,0.19,1.26,1.34,0.67,N
415,9973,357.45,96.07,100.79,27.56,80.94,27.56,7.6,25.64,399.19,136.38,12.95,133.82,10.01,-0.44,0.26,0.09,-1.64,-0.47,0.14,0.56,0.14,0.3,0.28,0.48,0.31,2.72,0.28,5.89,1.33,0.1,0.09,1.88,551.52,378.75,394.87,413.49,3.36,24.09,19.74,1.9,1.11,21.34,41.48,41.28,2.96,0.27,0.01,0.01,0,0,0.25,2.69,8.86,5.28,4.01,1.46,2.72,0.57,15.57,5.73,0.64,2.55,1.76,3.38,2.64,0.74,16.31,2.23,4.18,0.6,1.76,0.9,0.83,5.67,1.26,0.86,12.93,0.81,1.03,0.3,0.3,1.45,0.89,0.57,F
561,12528,354.81,93.07,104.51,26.24,82.33,24.28,8.78,27.23,396.96,130.59,12.95,134.78,10,-0.58,0.58,0.05,-1.65,0.03,0.15,0.73,0.1,0.32,0.33,0.47,0.32,2.24,0.4,5.59,1.33,0.1,0.09,1.88,549.45,374.72,390.92,413.95,3.33,22.54,12.75,1.9,1.1,23.25,41.83,41.56,2.95,0.32,0,0.01,0,0,0.31,2.63,9.42,4.99,3.95,1.25,2.38,0.71,15.45,6.03,0.47,2.55,1.72,3.33,2.64,0.69,16.77,2.38,4.68,0.8,2.05,0.78,0.78,5.45,1.48,0.89,13.01,1.13,1.01,0.39,0.56,1.54,1.2,0.54,F
588,12195,334.56,90.62,102.66,29.22,90.36,15.08,13.11,25.45,408.51,139.92,19.77,145.85,8.55,-0.73,0.19,-0.08,-2.51,-0.24,0.15,0.48,0.08,0.3,0.3,0.5,0.31,1.38,0.41,4.86,1.14,0.09,0.08,1.91,553.89,377.17,390.15,411.79,3.36,20.84,12.98,1.86,1.08,28.67,37.72,44.17,7.23,4.39,0,4.19,0.07,0,0.14,2.84,6.13,5.99,4.4,1.15,3.24,0.85,16.1,6.63,0.54,3.03,1.16,3.4,2.16,1.23,18.58,1.78,3.81,0.85,2.37,1.02,0.89,7.64,1.66,0.58,12.84,1.44,1.1,0.36,0.79,2.05,1.42,0.61,N
782,16282,327.24,92.3,95.89,27.08,88.69,13.05,15.28,26.09,400.96,155.13,17.7,142.87,10.02,-0.74,0.39,-0.22,-2.43,-0.44,0.15,0.73,0.09,0.31,0.32,0.5,0.3,1.15,0.38,4.76,1.15,0.09,0.08,1.89,552.74,376.92,388.29,411.14,3.35,20.77,12.43,1.82,1.04,31.55,35.91,45.39,8.04,5.23,0,5.02,0.09,0.01,0.11,2.81,6.28,6.58,4.96,1.17,3.2,1.23,16.5,6.47,0.58,2.72,1.02,3.6,2.36,1.23,19.32,1.87,4.11,1.15,2.73,0.87,0.91,7.64,1.8,0.38,12.44,1.75,0.83,0.51,1.06,1.93,1.86,0.75,N
854,19083,331.63,98.4,91.12,28.77,87.66,16.62,13.75,22.62,388.51,149.21,15.06,141.71,9.47,-0.69,0.58,-0.12,-1.92,-0.47,0.1,0.57,0.1,0.33,0.32,0.46,0.29,1.3,0.38,5.27,1.24,0.1,0.08,1.89,552.01,373.65,395.4,410.81,3.3,22.52,12.26,1.85,1.09,27.2,36.47,44.99,7.33,4.64,0.05,4.29,0.01,0,0.29,2.69,6.84,5.8,4.72,1.09,2.95,0.92,16.75,6.33,0.63,2.62,1.17,2.54,1.81,0.69,15.48,1.43,2.37,0.94,2.12,0.71,0.82,7.16,1.29,0.3,15.77,0.99,0.63,0.49,0.63,1.48,1.3,0.77,F
1799,47300,333.65,96.62,94.37,24.91,83.76,15.14,13.91,21.57,394.24,139.75,14.71,152.57,10.22,-0.67,0.85,-0.17,-1.69,-0.32,0.18,0.6,0.1,0.36,0.36,0.46,0.29,1.25,0.44,6.17,1.27,0.08,0.07,1.8,547.61,369.42,389.33,413.18,3.24,26.39,14.93,1.86,1.11,22.9,36.97,45.4,6.54,3.67,0.02,3.34,0.02,0.01,0.28,2.87,7.34,5.3,4.13,1.51,2.13,0.84,17.76,5.95,0.75,2.38,1.59,3.52,2.4,1.12,16.35,2.33,2.35,1.15,2,0.96,1.15,6.4,1.41,0.38,15,2.58,0.57,0.43,0.52,1.19,1.24,0.74,F
864,20241,345.67,103.09,91.72,26.94,75.74,13.22,10.29,27.65,379.93,142.96,14.9,140.55,7.71,-0.62,0.72,-0.31,-1.33,-0.24,0.16,0.59,0.16,0.35,0.32,0.46,0.29,1.74,0.29,5.3,1.34,0.1,0.09,1.88,548.38,373.6,393.1,414.36,3.44,23.82,12.72,1.88,1.12,23.8,38.85,41.62,3.67,0.26,0.06,0.01,0,0.01,0.18,3.41,8.96,5.12,4.01,1.06,2.8,0.76,16.12,5.53,0.49,2.4,1.72,3.06,2.42,0.64,13.05,1.64,2.11,0.54,1.67,0.9,0.95,4.87,1.15,0.49,14.49,0.81,0.86,0.43,0.32,1.22,1.02,0.61,N
1816,43365,354.38,102.92,93.9,27.96,82.05,15.14,10.42,24.39,383.87,149.63,15.73,134.62,9.27,-0.56,0.8,0,-1.73,-0.39,0.17,0.61,0.1,0.37,0.36,0.45,0.29,1.95,0.35,5.7,1.29,0.09,0.08,1.85,549.86,375.09,392.06,410.75,3.47,24.33,12.89,1.89,1.11,22.62,40.12,41.88,4.14,0.37,0.06,0,0,0.01,0.3,3.77,8.29,5.52,4.32,1.2,2.7,0.84,1.14,15.97,5.85,0.66,2.25,1.42,2.73,0.89,14.88,1.86,2.69,0.93,2.21,0.94,0.97,5.04,1.53,1.24,13.28,1.33,0.95,0.38,0.58,1.39,1.27,0.68,N
560,14421,346.84,96.34,95.81,28.09,87.76,18.84,9.11,24.8,387,144.42,15.39,134.54,12.11,-0.53,1.08,0.21,-1.95,-0.43,0.18,0.68,0.12,0.39,0.36,0.45,0.31,2.47,0.29,6.3,1.29,0.1,0.09,1.86,551.22,371.38,391.93,411.81,3.48,25.74,13.38,1.96,1.18,15.06,42.86,42.1,3.49,0.25,0.01,0,0,0,0.23,3.24,9.32,5.76,4.21,1.14,3.46,0.62,15.93,6.3,0.44,2.55,0.54,3.62,2.85,0.77,14.74,2.07,1.92,0.68,2.32,1.14,0.82,5.4,1.79,0.39,11.9,1.46,0.88,0.32,0.32,1.08,0.89,0.71,F
702,18116,344.57,95.13,99.29,27.56,89.48,17.65,10.51,23.56,390.61,144.37,14.05,138.91,10.19,-0.67,1.02,0.09,-2.26,-0.56,0.18,0.8,0.11,0.4,0.35,0.44,0.29,2.07,0.32,6.14,1.26,0.1,0.09,2.81,551.05,368.21,388.01,406.62,3.45,26.14,13.82,1.93,1.16,16.86,41.53,43.57,3.87,0.26,0.01,0,0,0,0.25,3.61,8.8,6.33,4.86,1.2,3.59,0.8,16.13,6.59,0.63,2.74,0.46,3.68,2.61,1.07,15.9,2.15,2.24,0.79,2.67,1.23,0.88,5.53,2.06,0.33,11.74,1.88,0.7,0.37,0.48,1.37,1.15,0.9,F
625,15804,349.75,98.65,96.95,24.88,90.8,17.31,8.01,23.62,400.69,146.9,14.14,146.35,11,-0.32,0.59,0.16,-2.27,-0.55,0.14,0.57,0.08,0.36,0.36,0.47,0.3,2.58,0.31,5.85,1.2,0.09,0.07,1.91,549.76,375.18,396.3,419.14,3.36,25.45,13.25,1.88,1.09,22.38,41.16,42.5,2.83,0.2,0.06,0,0,0,0.14,2.63,8.28,6.43,4.75,1.2,3.5,0.79,16.75,6.56,0.51,2.95,0.91,3.98,3.17,0.8,15.09,1.95,2.34,0.75,2.38,0.96,0.83,5.58,1.74,0.3,12.49,2.19,0.44,0.41,0.5,1.06,1.13,1,N
699,18316,346.53,98.57,96.89,26.63,86.95,16.05,7.53,24.64,399.79,141.12,14.37,146.35,10.02,-0.38,0.85,-0.03,-2.31,-0.37,0.17,0.61,0.17,0.37,0.37,0.44,0.28,2.45,0.3,5.98,1.23,0.09,0.08,1.9,549.4,373.83,394.99,417.12,3.39,26.54,15.71,1.88,1.08,20.99,41.12,43.21,3.17,0.19,0.04,0.01,0,0,0.15,2.97,8.57,6.29,4.54,1.03,3.75,0.7,16.78,6.42,0.53,2.94,1.15,4.15,3.16,0.98,15.26,1.96,2.32,0.78,2.5,1.12,0.75,5.39,1.84,0.31,12.73,2.13,0.52,0.37,0.47,1.18,0.99,0.83,N
709,18566,314.56,95.11,95.72,25.87,86.78,18.76,15.28,18.67,398.14,162.53,15.64,146.99,9.44,-0.53,0.86,-0.18,-2.08,-1.07,0.18,0.62,0.1,0.34,0.35,0.45,0.27,1.45,0.37,5.04,1.16,0.09,0.07,1.84,549.33,375.85,392.02,412,3.21,26.46,17.93,1.81,1.1,26.49,32.19,43.93,6.72,3.87,0.04,3.74,0,0,0.09,2.85,6.81,6.68,5.26,1.27,3.27,1.11,16.72,5.91,0.53,1.8,4.76,3.49,2.7,0.79,17.35,1.42,2.8,0.95,2.5,0.92,1.35,7.33,2,0.21,10.96,1.26,1.05,0.64,0.59,1.11,1.53,1.16,F
1054,30428,316.9,94.39,94.01,23.06,90.39,19.46,12.79,17.41,394.36,154.37,14.96,152.88,9.7,-0.58,0.99,0.08,-1.95,-0.87,0.19,0.62,0.19,0.35,0.34,0.42,0.26,2.11,0.37,5.66,1.21,0.08,0.07,1.87,551.73,373.05,391.33,411.38,3.14,29.85,22.2,1.78,1.08,25.56,31.56,44.92,5.89,3.18,0.08,3.02,0,0,0.08,2.71,7.65,6.5,4.98,1.45,2.97,1.15,17.52,5.96,0.52,2.1,4.67,3.97,3.29,0.68,16.56,1.35,2.49,0.84,2.56,0.88,1.15,7.07,2.03,0.22,11.82,1.22,0.84,0.67,0.47,0.97,1.52,1.11,F
553,13558,333.35,89.32,103.18,23.07,90.97,18.32,16.72,18.76,401.44,147.79,13.84,153.42,7.95,-0.61,0.6,0.11,-2.25,-0.81,0.17,0.59,0.17,0.33,0.3,0.5,0.32,1.45,0.43,5.79,1.19,0.08,0.07,1.87,553.21,374.53,389.21,409.48,3.24,24.72,14.07,1.84,1.09,26.16,34.41,44.34,7.12,4.37,0.03,4.13,0.05,0.04,0.12,2.75,6.76,5.38,4.27,1.11,2.56,0.88,17.68,5.6,0.45,2.45,3.61,4.11,2.91,1.2,17.29,1.35,3.72,0.89,2.65,0.84,1.14,6.52,1.76,0.12,11.78,1.76,0.61,0.38,0.89,1.77,1.41,0.68,N
971,21626,336.08,92.83,100.72,21.57,30.36,18.51,14.69,22.3,406.13,142.41,14.17,158.98,9.17,-0.65,0.62,0.18,-1.88,-0.27,0.17,0.54,0.17,0.32,0.35,0.46,0.28,1.63,0.33,4.98,1.18,0.09,0.08,1.84,552.71,375.41,391.21,413.61,3.19,22.7,15.35,1.83,1.07,29.37,30.92,43.39,5.88,3.49,0.04,3.27,0.03,0.05,0.1,2.39,7.14,5.37,4.36,1.24,2.54,0.78,17.63,5.39,0.44,2.46,4.78,3.83,2.76,1.07,16.01,1.57,3.31,0.79,2.46,0.85,0.94,5.99,1.66,0.27,11.57,1.38,0.74,0.39,0.75,1.59,1.22,0.7,N
88,1373,319.74,96.14,77.93,28.41,77.93,36.42,10.2,24.04,370.72,165.33,19.67,134.01,11.65,-0.52,-0.76,0.05,-1.25,0.31,0.1,0.29,0.05,0.24,0.18,0.63,0.39,2.07,0.41,3.21,1.18,0.1,0.07,2.06,558.47,379.67,400.71,419.2,4,15.6,10.6,1.68,0.97,49.13,28.53,46.51,7.21,3.86,0,2.84,0,0,1.02,3.35,9.46,8.3,6.26,3.06,4.51,0.44,15.28,4.73,0.44,2.4,4.22,2.98,2.18,0.8,13.68,1.53,1.97,0.51,1.02,1.38,1.09,5.75,0.66,0.29,15.65,1.29,0.91,0.61,0.15,0.3,0.61,1.29,F
81,1276,337.78,94.04,86.21,20.38,82.29,37.62,12.54,23.51,365.2,152.82,12.54,134.01,11.76,-0.24,-0.6,0.04,-1.15,0.35,0.16,0.27,0.05,0.25,0.24,0.61,0.38,1.88,0.29,3.01,1.34,0.07,0.07,2.05,559.47,380.67,406.92,427.45,3.74,15.75,12.41,1.69,0.99,47.96,28.99,44.62,5.97,2.59,0.24,1.49,0.08,0,0.79,3.38,10.6,7.38,5.26,3.14,3.53,0.31,15.48,5.5,0.47,2.04,4.08,3.46,2.99,0.47,12.88,2.75,1.57,0.31,0.71,0.63,0.86,5.81,0.55,0.24,13.59,0.9,1.23,0.41,0.16,0.25,0.41,1.07,F
32,470,380.85,80.85,63.83,2.13,63.83,27.66,14.89,25.53,425.53,131.92,0,159.57,14.89,-0.05,-0.78,-0.75,-0.57,0.51,0.09,0.2,0.03,0.22,0.24,0.72,0.5,1.13,0.08,4.09,1.19,0.12,0.09,1.99,559.41,388.13,412.58,429.01,3.64,14.69,11.54,1.7,1.04,48.28,29.96,42.03,2.59,0.43,0,0,0,0,0.43,2.16,10.78,6.9,5.17,1.94,3.45,0.86,17.67,4.31,0.43,2.59,6.47,3.66,3.45,0.22,10.34,1.94,1.51,0.65,1.29,0,1.08,3.88,0.43,0.43,0,0.23,0.46,0.92,0.23,0.23,1.39,1.15,N
185,2852,358.29,99.09,94.11,36.03,76.4,27.26,11.84,27.77,375.94,138.81,22.56,137.53,9.67,-0.36,-1.17,0.56,-1.3,0.4,0.08,0.23,0.03,0.18,0.18,0.61,0.41,1.73,0.67,4.2,1.26,0.09,0.09,2.01,560.72,382.01,410.72,422.9,3.58,15.44,11.06,1.75,1.02,42.99,31.89,41.73,3.65,0.46,0.11,0.11,0,0,0.25,3.2,10.29,6.18,4.95,2.6,2.77,0.56,15.42,4.5,0.11,2.25,3.65,5.44,4.64,0.81,10.75,0.81,3.23,0.42,0.84,0.6,0.35,4.39,0.35,0.53,15.95,1.45,2.83,0.62,0.07,0.18,0.73,0.62,N
495,12909,360.75,104.36,97.73,22.82,82.13,22.66,10.51,25.69,377.32,136.88,13.7,128.08,7.47,0.05,0.93,-0.14,-1.94,-0.6,0.17,0.66,0.11,0.35,0.34,0.46,0.3,2.01,0.21,6.04,1.44,0.1,0.09,1.82,551.81,393.94,406.94,416.88,3.36,26.14,13.86,1.83,1.07,24.38,35.7,39.19,3.21,0.39,0.17,0.01,0,0.01,0.21,2.82,9.76,5.23,3.64,1.35,2.85,0.46,1.29,14.21,5.62,0.42,2.76,5.18,1.99,0.51,0.04,2.69,0.44,1.53,0.63,0.7,5.04,1.11,1.5,0.74,11.44,1.62,0.67,0.23,0.32,0.95,0.8,0.58,F
644,16540,360.18,101.8,97.13,23.45,82.52,17.77,11.14,26.86,383,134.61,13.09,131.14,8.58,-0.07,0.99,-0.13,-1.94,-0.56,0.18,0.65,0.11,0.35,0.33,0.45,0.29,1.75,0.24,5.84,1.42,0.11,0.1,1.83,550.09,391.32,403.71,413.66,3.4,25.8,14.36,1.84,1.07,25.3,35.87,39.34,3.19,0.37,0.17,0.01,0,0.01,0.18,2.81,9.74,5.26,3.71,1.3,2.95,0.4,14.44,5.71,0.54,2.76,5.19,2.62,2.05,0.56,13.53,1.55,2.87,0.47,1.63,0.68,0.76,5.06,1.26,1.27,11.48,1.66,0.6,0.17,0.29,1.03,0.75,0.55,F
383,7773,371.72,93.5,100.88,25.26,93.93,19.45,7.96,30.66,397.32,122.98,14.58,136.61,8.94,0.09,0.33,0.49,-2.46,0.25,0.16,0.72,0.16,0.33,0.32,0.47,0.32,2.71,0.24,4.87,1.27,0.11,0.1,1.83,547.79,394.61,411.54,422.74,3.37,20.51,11.51,1.83,1.06,31.2,36.97,36.29,3.1,0.24,0.06,0.01,0,0,0.17,2.86,6.84,4.71,3.28,1.04,2.82,0.35,14.45,6.66,0.47,2.21,5.68,3.13,2.21,0.86,14.07,2.05,2.99,0.33,1.21,0.47,0.72,6.09,1.17,1.5,10.45,0.69,0.76,0.2,0.22,0.94,0.75,0.53,N
534,10765,363.71,101.21,98.16,27.49,94.79,18.55,10.6,30.68,395.74,140.65,15.44,131.03,8.57,-0.17,0.09,0.13,-2.95,0.29,0.14,0.45,0.14,0.31,0.33,0.47,0.32,1.8,0.19,4.64,1.24,0.12,0.1,1.82,549.68,390.28,405.22,417.14,3.3,20.17,11.59,1.86,1.1,28.78,37.56,37.78,3.07,0.17,0.03,0.03,0,0,0.11,2.91,7.18,5.25,3.81,1.16,2.61,0.67,14.81,6.71,0.72,2.21,5.02,3.6,2.43,1.1,15.16,2.02,3.09,0.68,2.06,0.62,0.85,5.9,1.44,0.6,10.75,1.58,0.79,0.24,0.74,1.69,1.22,0.7,N
790,21303,300.24,98.91,96.73,35.31,86.84,13.21,13.57,16.44,361.63,180.93,18.65,128.4,10.6,-1.4,1.16,0,-2.14,-0.27,0.19,0.63,0.13,0.37,0.35,0.43,0.27,1.15,0.56,6.25,1.19,0.08,0.06,1.91,551.01,352.58,374.46,400.24,3.51,27.32,16.25,1.8,1.04,27.16,32.87,50.14,8.65,5.71,0.02,4.79,0,0.16,0.75,2.93,8.23,8.05,6.9,0.95,2.92,2.54,15.6,6.3,1.37,2.73,1.93,4.35,3.56,0.77,19.36,1.7,2.21,1.76,4.68,1.22,1.56,6.16,3.38,0.12,9.71,1.98,0.75,1.14,1.56,2.14,3.04,1.47,F
1717,43244,368.78,99.95,93.16,26.57,88.67,17.94,11.86,19.39,383.34,151.48,17.25,145.05,7.7,-0.43,1.16,0.12,-2.25,-0.08,0.2,0.65,0.13,0.37,0.35,0.4,0.26,1.75,0.48,6.1,1.33,0.08,0.07,1.85,548.27,372.44,396.99,416.39,3.15,25.43,16.39,1.82,1.06,26.86,35.1,41.15,4.33,0.53,0.03,0.12,0.02,0.04,0.33,3.8,7.25,5.39,4.16,1.18,2.23,1.09,16.33,6.16,0.5,2.53,3.59,3.25,2.09,1.15,14.76,1.47,2.46,1.06,2.85,0.82,1.24,5.14,1.98,0.31,13.05,1.52,0.79,0.31,0.94,1.46,1.51,0.8,F
1361,26241,359.02,101.43,100.49,27.66,83.59,23.11,12.78,25.84,390.36,135.07,17.31,139.98,11.92,-0.42,-0.22,0.13,-1.86,0.06,0.12,0.44,0.07,0.28,0.28,0.47,0.3,1.59,0.36,4.52,1.29,0.09,0.07,1.88,551.58,384.8,405.47,417.79,3.32,19.37,12.14,1.84,1.06,31.25,36.93,40.54,3.83,0.97,0.02,0.71,0,0.01,0.23,2.87,8.26,4.69,3.74,1.77,2.05,0.52,15.23,5.68,0.25,2.97,6.38,3.52,2.71,0.8,13.52,1.66,2.47,0.52,1.51,0.93,0.49,5.65,0.86,0.39,13.68,1.59,1.1,0.3,0.38,1.05,0.82,0.49,N
1419,27389,362.77,101.49,101.3,27.49,82.2,23.25,11.59,25.44,395.95,130.03,17.51,142.06,9.47,-0.4,-0.18,-0.07,-1.82,0.28,0.12,0.45,0.08,0.27,0.28,0.47,0.31,1.66,0.3,4.37,1.27,0.09,0.07,1.88,552.22,385.69,406.08,418.98,3.26,19.39,11.47,1.85,1.08,30.49,37.47,39.79,3.05,0.43,0.01,0.17,0,0,0.25,2.62,8.38,4.46,3.5,1.69,1.98,0.49,15.36,5.7,0.23,3.08,6.58,3.64,2.92,0.72,13.24,1.71,2.42,0.44,1.36,0.8,0.51,5.83,0.77,0.36,13.75,1.43,1.26,0.27,0.38,0.86,0.77,0.49,N
1160,28654,350.05,91.42,104.14,23.44,90.27,19.55,14.06,22.42,389.49,135.97,14.97,140.39,10.22,-0.15,0.61,0.07,-2,-0.49,0.16,0.59,0.09,0.33,0.33,0.44,0.29,1.81,0.26,5.49,1.34,0.09,0.08,1.83,547.02,381.79,402.8,422.15,3.4,24.95,15.02,1.86,1.1,23.98,29.67,40.55,5.07,2.51,0,2.27,0,0,0.24,2.56,7.39,4.39,3.37,1.26,2.07,0.58,15.72,6.06,0.31,2.22,5.53,2.51,1.86,0.63,13.91,1.38,2.29,0.54,1.42,0.66,0.62,6.7,1.09,0.44,12.83,1.17,0.78,0.41,0.24,0.85,0.76,0.63,F
1262,30005,336.36,93.01,101.99,24.7,96.92,22.71,12.42,21.8,400.78,130.61,15.09,149.07,10.91,-0.35,0.64,0.6,-2.09,-0.43,0.18,0.57,0.1,0.35,0.35,0.45,0.29,2.71,0.33,5.17,1.27,0.08,0.07,1.85,546.34,377.19,396.5,421.03,3.27,24.12,14.63,1.85,1.09,25.96,36.63,40.6,4.94,2.79,0.01,2.59,0,0.02,0.18,2.15,6.48,4.56,3.44,1.59,1.94,0.57,16.15,6.56,0.36,2.37,7.35,2.78,2.13,0.65,15.13,1.51,2.46,0.64,1.76,0.81,0.47,7.08,1.5,0.46,12.1,0.97,0.75,0.38,0.24,1.03,0.75,0.66,F
787,17264,330.59,100.34,88.94,34.23,82.54,15.42,11.69,24.08,399.58,126.57,18.36,159.36,9.11,-0.55,0.21,-0.02,-1.73,0.02,0.13,0.48,0.09,0.29,0.27,0.43,0.26,1.49,0.46,5.37,1.21,0.08,0.08,1.91,553.83,369.95,397.56,420,3.36,22.45,11.95,1.77,1.05,34.16,33,41.88,4.64,2.37,0.04,1.98,0.11,0,0.23,2.28,6.6,4.56,3.34,2.08,1.84,0.43,17.62,5.52,0.35,2.8,7.75,3.78,3.06,0.71,13.66,1.62,2.1,0.5,1.52,0.68,0.45,6.55,0.97,0.54,15.84,1.37,1.14,0.33,0.14,1.05,0.69,0.27,N
275,3957,303.63,117.55,85.87,40.52,80.71,24.69,15.01,27.6,365.87,176.64,24.35,107.96,2.95,-0.13,-1.14,-0.05,-2.08,0.16,0.08,0.37,0.06,0.13,0.11,0.6,0.36,0.36,1.2,3.46,0.98,0.09,0.06,2.16,568.69,377.74,406.77,430.67,3.98,14.39,8.77,1.64,0.96,53.91,28.09,47.09,10.69,6.83,0.89,4.09,0.91,0.03,0.91,3.86,5.28,8.08,4.95,1.98,4.9,0.89,14.15,6.3,1.02,3.1,3.38,4.29,3.71,0.53,15.52,1.32,1.88,0.89,1.47,1.04,0.91,6.99,1.55,1.45,17.37,0.75,1.89,0.75,0.39,0.6,1.53,0.29,N
277,7098,352.18,103.32,97.26,21.67,90.12,20.76,8.83,23.82,398.96,141.24,12.41,140.03,7.53,-0.24,0.51,-0.04,-2.18,-0.44,0.14,0.59,0.09,0.31,0.33,0.5,0.33,2.09,0.42,5.27,1.22,0.09,0.08,1.9,556.42,379.86,396.26,415.44,3.35,26.66,17.03,1.91,1.11,18.06,39.01,39.8,3.67,0.2,0.03,0.03,0,0.01,0.13,3.47,7.4,4.84,3.49,1.26,2.67,0.41,15.83,6.24,0.52,2.78,5.86,3.4,2.5,0.89,15.2,2.32,3.36,0.47,1.36,0.68,0.76,5.89,0.95,0.62,13.84,0.95,1.12,0.25,0.19,1.2,0.71,0.47,F
308,6988,342.75,104.18,100.02,32.03,85.46,18.54,10.56,22.45,397.76,148.97,17.2,139.78,5.62,-0.67,0.31,0.09,-2.15,-0.35,0.14,0.53,0.08,0.31,0.34,0.51,0.34,1.95,0.5,4.82,1.2,0.09,0.08,1.91,555.61,375.93,391.88,407.49,3.44,22.32,11.89,1.86,1.06,27.21,37.3,40.96,5.22,1.68,0.03,1.51,0.06,0,0.09,3.54,6.86,4.98,3.56,1.13,2.39,0.9,16.16,6.14,0.59,3,5.09,4.32,2.8,1.52,16.91,1.95,3.66,0.93,1.86,0.75,0.98,6.5,1.39,0.54,13.21,1.3,1.18,0.46,0.57,1.58,1.31,0.45,F
303,5609,330.92,94.29,81.86,27.31,79.22,18.34,10.99,28.16,413.5,131.96,15.04,152.35,12.58,-0.74,0.26,-0.09,-1.43,-0.36,0.12,0.48,0.08,0.27,0.33,0.47,0.29,1.76,0.38,5.13,1.21,0.11,0.1,1.91,556.98,372.79,390.86,410.12,3.34,20.44,10.03,1.81,1.09,33.02,35.29,41.34,2.98,0.14,0.02,0,0,0,0.13,2.83,8.05,5.22,3.82,2.33,2.01,0.32,17.2,5.04,0.54,2.39,10.9,3.34,2.39,0.93,13.16,1.69,2.99,0.77,1.56,0.93,0.56,4.63,0.97,0.3,14.58,1.66,0.84,0.2,0.37,1.51,0.74,0.53,N
211,4505,337.99,92.82,77.54,27.38,78.49,19.61,14.11,29.4,428.22,111.15,16.65,175.48,9.64,-0.47,0.24,-0.27,-1.25,-0.18,0.12,0.46,0.07,0.28,0.32,0.49,0.31,1.55,0.32,5.38,1.17,0.11,0.11,1.89,557.02,384.11,402.73,416.14,3.18,21.29,9.81,1.82,1.08,31.14,36.3,40.89,2.41,0.04,0,0,0,0,0.04,2.37,7.6,4.36,3.28,2.33,1.64,0.18,17.92,5.03,0.42,2.1,11.83,3.23,2.39,0.82,12.8,1.71,2.9,0.38,1.17,0.64,0.49,5.2,0.89,0.38,14,1.46,0.99,0.02,0.17,0.82,0.32,0.27,N
559,14066,338.54,106.79,94.57,30.8,93.39,14.62,7.31,24.73,387.93,152.5,18.37,138.99,10.32,-0.16,0.96,0.29,-2.79,-0.66,0.17,0.79,0.1,0.39,0.4,0.46,0.3,2.54,0.36,6.19,1.23,0.08,0.07,1.86,550.73,376.21,394.25,421.77,3.41,25.54,13.84,1.89,1.12,21.44,38.62,41.98,2.96,0.19,0.01,0,0,0,0.18,2.77,8.4,5.54,4.72,1.09,2.57,0.88,15.9,6.94,0.53,2.27,4.26,3.33,2.41,0.91,15.43,1.46,2.34,0.86,2.92,0.94,1.19,5.56,1.97,0.27,12.28,1.97,0.97,0.48,0.73,1.57,1.45,1,F
498,12758,343.51,103.33,95.94,29.86,94.65,12.97,7.77,24.48,400.37,148.65,18.48,139.25,11.03,-0.23,0.96,-0.02,-3.19,-0.62,0.17,0.61,0.1,0.39,0.4,0.45,0.29,2.14,0.3,6.13,1.2,0.08,0.08,1.85,550.8,375.64,392.8,420.25,3.35,25.8,14.67,1.91,1.14,19.37,39.05,41.56,2.88,0.17,0.03,0,0,0,0.14,2.71,8.19,5.36,4.64,0.94,2.57,0.84,15.68,7.26,0.48,2.4,4.06,3.33,2.34,0.98,16.34,1.81,2.31,0.89,3.1,0.93,1.27,5.96,1.93,0.25,11.54,2.14,0.76,0.37,0.84,1.72,1.36,0.96,F
501,12604,328.96,98.59,99.48,27.29,86.21,12.88,8.07,86.21,393.38,142.26,15.67,147.02,10,-0.57,0.93,-0.08,-2.13,-0.12,0.18,0.6,0.1,0.38,0.39,0.45,0.29,2.13,0.32,5.73,1.25,0.08,0.08,1.84,551.65,372.83,390.3,414.34,3.35,24.76,14.92,1.9,1.13,21.28,38.84,41.76,2.95,0.2,0.05,0,0,0,0.14,2.75,8.51,5.07,4.13,1.09,2.36,0.85,1.05,16.19,6.04,0.36,2.86,6.83,2.83,0.49,15.25,1.73,1.94,0.77,2.46,1.24,1.39,5.6,1.4,0.33,12,1.37,0.63,0.47,0.49,1.56,1.25,0.78,N
149,480,328.1,102.02,94.85,25.41,85.75,12.95,7.53,23.21,384.45,147.72,13.71,146.58,11.1,-0.6,0.89,-0.05,-2.1,-0.16,0.17,0.77,0.09,0.39,0.4,0.44,0.28,2.62,0.27,5.71,1.24,0.08,0.07,1.84,551.88,370.84,388.51,414.98,3.34,26.34,16.96,1.89,1.12,20.56,36.68,42.2,2.98,0.2,0.06,0,0,0,0.14,2.78,8.71,5.11,4.22,1.13,2.23,0.92,16.58,6.12,0.41,2.82,6.27,3.05,2.53,0.5,15.15,1.83,2.23,0.86,2.48,1.23,1.35,5.28,1.54,0.23,11.26,1.4,0.56,0.51,0.51,1.38,1.32,0.88,N
277,7456,355.47,90.56,99.31,30.05,82.42,14.53,6.62,0,401.79,123.18,18.07,148.98,8.25,0.01,0.61,0.2,-1.85,-0.37,0.15,0.59,0.15,0.32,0.32,0.49,0.32,3.06,0.47,5.95,1.31,0.09,0.08,1.89,556.17,391.25,407.24,418.25,3.51,27.2,16.1,1.88,1.14,20.43,38.39,40.98,2.85,0.13,0.03,0.01,0,0,0.09,2.71,8.61,5.14,3.95,1.38,2.58,0.52,16.36,5.79,0.56,2.19,5.98,3.68,2.36,1.16,15.47,2.14,3.67,0.63,1.79,0.83,0.62,5.45,1.26,0.21,12.26,2.16,0.86,0.23,0.45,1.51,0.92,0.75,F
335,9614,355.29,92.11,106.17,27.08,84.58,14.59,5.42,20.14,409.11,124.85,15.56,145.41,7.2,0.05,0.8,0.3,-1.98,-0.15,0.15,0.78,0.1,0.33,0.34,0.45,0.3,3.81,0.5,6.51,1.25,0.08,0.08,1.89,556.49,392.22,407.03,419.45,3.48,29.4,16.59,1.89,1.14,17.42,39.12,40.85,2.74,0.12,0.01,0.01,0,0,0.09,2.63,8.52,5.02,3.89,1.24,2.4,0.52,16.02,6,0.57,2.27,5.5,3.9,2.47,1.28,16.03,2.15,3.81,0.89,1.88,0.76,0.63,5.8,1.19,0.27,13.1,1.97,1.03,0.25,0.62,2.06,1.07,0.69,F
420,11764,370.27,87.08,82.23,25.28,83.08,14.84,6.98,22.35,408.14,109.22,13.87,164.38,9.65,0.12,0.98,0.03,-1.85,-0.11,0.18,0.6,0.1,0.41,0.36,0.44,0.28,3.92,0.33,7.96,1.31,0.1,0.09,1.83,542.93,391.24,404.56,425.04,3.23,28.2,15.09,1.83,1.09,23.43,35.67,41.03,2.54,0.08,0.01,0,0,0.02,0.05,2.46,8.98,4.26,3.2,1.78,1.95,0.31,17.26,5.92,0.5,2.9,6.12,3.4,2.52,0.87,14.68,1.98,3.53,0.42,1.25,0.82,0.65,5.7,1.09,0.37,13.9,2.12,1.01,0.15,0.15,0.74,0.48,0.4,N
248,6796,390.74,80.82,89.59,23.48,88.24,12.39,5.95,21.59,406.86,124.58,11.01,136.6,15.22,0.1,0.33,-0.57,-2.73,-0.37,0.15,0.53,0.08,0.31,0.29,0.52,0.35,1.82,0.38,8.04,1.33,0.09,0.07,1.87,545.62,395.29,403.64,419.89,3.31,27.57,16.5,1.92,1.15,16.66,39.34,40.98,3.23,0.15,0,0,0,0.01,0.13,3.08,8.14,5.09,3.96,1.23,2.95,0.34,15.2,6.87,0.59,3.11,3.45,2.79,2.13,0.66,16.7,1.95,3.43,0.5,1.36,1.04,0.88,7.07,1.01,0.45,11.4,1.27,0.54,0.17,0.15,0.89,0.56,0.75,N
805,13456,359.24,99.23,90.42,25.85,76.16,26.8,12.01,29.31,400.81,142.17,15.42,157.51,12.48,-0.33,-0.33,0.46,-0.71,-0.29,0.11,0.42,0.07,0.23,0.23,0.5,0.32,2.12,0.34,4.58,1.11,0.1,0.09,1.99,552.29,377.41,402.5,427.32,3.71,16.75,9.98,1.73,0.99,43.47,32.51,41.63,3.33,0.81,0.03,0.49,0,0,0.29,2.52,8.87,6.24,5,1.48,3.93,0.36,16.72,4.22,0.27,2.97,4.32,4.77,3.93,0.79,13.21,1.97,3.47,0.38,1.01,1.52,0.68,4.34,0.42,0.3,13.92,0.71,1.98,0.35,0.08,1.12,0.72,0.81,F
1161,19452,352.72,100.95,97.4,26.71,78.48,24.54,13.1,28.68,393.53,149.53,16.58,144.18,13.31,-0.5,-0.37,0.41,-1.02,-0.08,0.11,0.42,0.07,0.23,0.22,0.5,0.33,1.86,0.35,4.44,1.12,0.1,0.09,2.01,554.49,373.58,398.74,422.58,3.73,16.72,11.31,1.73,0.98,43.58,32.96,42.25,4.33,1.29,0.04,0.82,0,0.01,0.42,3.04,8.51,6.72,5.3,1.62,4.17,0.44,16.08,4.58,0.31,2.75,4.06,5.51,4.14,1.26,13.85,1.92,3.73,0.43,1.06,1.39,0.71,4.66,0.56,0.31,14.26,0.77,1.74,0.46,0.1,1.36,0.77,0.76,F
640,10965,387.92,99.78,91.85,24.96,70.5,19.14,11.46,24.42,389.71,135.81,18.67,145.24,10.67,-0.1,-1.02,-0.18,-0.97,0.07,0.07,0.34,0.07,0.21,0.22,0.54,0.36,1.79,0.29,3.85,1.29,0.08,0.07,1.91,552.4,380,408.86,438.06,3.6,17.93,12.09,1.8,1.03,36.2,34.68,38.67,4.02,1.97,0.14,1.62,0.03,0.05,0.15,2.04,7.61,4.48,3.33,1.51,2.41,0.28,16.13,4.18,0.13,2.08,5.72,5.25,4.26,0.96,11.6,1.13,2.82,0.37,0.54,0.85,0.7,5.15,0.29,0.44,15.45,0.71,1.73,0.21,0.09,0.82,0.35,0.43,N
651,11831,370.98,98.67,80.55,23.02,63.42,19.05,11.07,26.42,396.61,128.39,15.24,160.89,7.48,-0.1,-0.67,-0.1,0.01,0.01,0.09,0.37,0.06,0.22,0.24,0.51,0.33,1.98,0.36,4.24,1.29,0.09,0.08,1.95,557.18,376.64,411.58,444.04,3.5,18.04,12.38,1.73,0.99,42.17,32.79,40.39,4.05,1.5,0.08,1.08,0.02,0.05,0.27,2.55,7.69,4.5,3.5,1.9,1.89,0.42,17.5,3.5,0.1,2.41,7.95,4.88,4.15,0.71,9.34,0.67,2.24,0.25,0.53,1.03,0.41,3.98,0.31,0.34,16.25,1.01,2.13,0.39,0.14,0.49,0.6,0.62,N
718,15112,344.84,95.04,91.67,30.52,80.18,13.03,13.26,23.95,394.3,134.67,19.02,142.82,8.42,-0.31,-0.02,-0.48,-1.74,-0.51,0.14,0.47,0.07,0.29,0.31,0.52,0.33,1.39,0.3,4.96,1.25,0.09,0.08,1.89,554.94,381.85,400.92,422.17,3.3,21.49,12.81,1.84,1.05,29.7,35.74,39.76,4.9,2.97,0,2.68,0.03,0.01,0.25,1.92,6.31,4.8,3.77,1.27,2.63,0.46,15.14,5.6,0.25,3.34,7.44,3.13,2.37,0.67,14.59,1.85,2.93,0.55,1.23,0.81,0.61,6.72,0.7,0.76,13.85,1.15,1.4,0.4,0.17,0.68,0.79,0.53,F
623,13156,338.5,94.39,94.15,31.3,86.27,14.22,14.15,23.59,392.32,125.07,20.13,140.6,7.48,-0.33,0.12,-0.36,-1.87,-0.37,0.14,0.5,0.08,0.28,0.27,0.5,0.32,1.43,0.4,5.24,1.3,0.1,0.08,1.87,549.9,383.51,399.66,419.37,3.27,22.23,12.8,1.85,1.05,28.18,36.51,40.17,5.36,3.36,0.03,2.99,0.11,0,0.24,2,6.69,5.02,3.73,1.49,2.89,0.4,14.88,5.74,0.29,3.48,7.34,3.52,2.54,0.94,15.63,2.27,3.13,0.55,1.27,0.75,0.51,7.05,0.68,0.66,13.37,1.55,1.39,0.36,0.12,0.71,0.73,0.34,F
475,11274,348.37,96.35,101.94,31.12,92.99,16.64,7.39,22.41,380.4,141.74,18.72,127.07,7.98,-0.24,0.34,0.06,-2.74,-0.46,0.13,0.63,0.09,0.28,0.28,0.52,0.34,2.18,0.48,6.21,1.27,0.09,0.08,1.96,559.27,378.94,394.09,412.08,3.61,24.7,14.51,1.86,1.09,24.38,38.37,41.37,4.58,1.33,0.09,1,0,0,0.24,3.25,7.81,5.73,4.24,1.23,3,0.78,14.39,7.22,0.39,2.87,4.41,3.7,2.41,1.23,16.78,1.88,4.12,0.83,2.01,0.78,0.51,6.69,1.26,0.45,14.09,1.88,1.44,0.44,0.62,1.57,1.28,0.59,N
578,13048,343.83,98.98,105.21,28.99,96.59,19,10.82,22.29,387,146.52,16.29,128.37,7.26,-0.32,0.23,-0.1,-2.78,-0.43,0.14,0.56,0.09,0.29,0.29,0.52,0.33,1.59,0.45,5.72,1.26,0.09,0.08,1.93,556.08,375.8,392.54,415.58,3.51,23.51,12.99,1.88,1.1,23.57,37.74,40.16,6.01,3.64,0.09,3.33,0.03,0,0.19,2.36,5.67,5.38,3.8,1.37,2.89,0.63,14.38,7.26,0.45,2.73,4.65,3.85,2.64,1.11,17.59,2.08,3.85,0.74,1.65,0.79,0.45,7.95,1.07,0.65,14.25,1.3,1.63,0.32,0.61,1.4,1.12,0.42,N
832,19099,367.19,101.74,100.45,26.99,83.06,22.07,13.35,24.59,384.49,141.84,15.31,132.72,8.28,-0.38,0.71,-0.02,-1.62,-0.56,0.17,0.6,0.1,0.33,0.31,0.47,0.31,1.58,0.25,5.37,1.36,0.09,0.08,1.84,551.46,371.3,394.33,413.55,3.5,23.23,14.54,1.83,1.11,28.32,36.34,38.21,2.81,0.33,0,0.08,0.01,0.01,0.22,2.49,8.42,4.82,3.55,1.29,2.29,0.72,15.14,5.42,0.44,1.8,4.8,2.64,2.13,0.51,12.25,1.41,2.24,0.69,1.44,0.62,0.5,5.27,0.88,0.51,14.61,0.76,0.74,0.46,0.3,1.12,1.02,0.55,F
509,10288,367.51,92.93,101.11,24.65,81.29,16.77,15.26,26.16,402.83,120.71,14.79,149.55,9.39,-0.46,0.25,-0.17,-1.34,0.08,0.15,0.51,0.09,0.31,0.29,0.45,0.3,1.38,0.26,4.27,1.36,0.08,0.07,1.86,551.23,378.31,398.66,416.52,3.55,20.41,13.01,1.86,1.08,29.05,36.45,37.37,3.16,1.27,0.01,1.15,0.02,0,0.1,1.89,7.12,3.73,2.91,1.46,1.65,0.33,16.11,5.1,0.27,2.69,7.23,2.78,2.17,0.59,12.12,1.57,2.42,0.45,0.87,0.88,0.26,5.72,0.5,0.5,14.98,0.92,0.89,0.15,0.06,0.73,0.49,0.41,F
968,21846,354.27,92.26,91.81,24.04,80.17,17.09,15.51,25.39,398.69,131.11,12.79,147.38,8.64,-0.36,0.55,-0.13,-1.48,-0.91,0.16,0.56,0.09,0.32,0.3,0.46,0.29,1.41,0.3,5.01,1.29,0.09,0.08,1.86,551.29,377.09,399.07,421.29,3.39,22.79,11.42,1.87,1.11,25.74,36.2,40.3,5.57,2.93,0.01,2.64,0.05,0,0.23,2.64,7.02,4.26,3.41,1.27,1.78,0.76,15.97,5.22,0.44,2.1,6.5,3.3,2.77,0.5,14.01,1.78,2.2,0.65,1.55,0.83,0.76,6.16,0.93,0.23,14.29,0.79,0.67,0.43,0.2,1.07,1.03,0.64,N
1042,23737,362.77,87.45,94.65,24.94,85.06,15.36,13.8,24.4,405.44,119.39,13.08,144.95,8.99,-0.37,0.46,-0.17,-1.8,-0.59,0.16,0.54,0.09,0.31,0.31,0.46,0.3,1.54,0.28,5.53,1.31,0.1,0.09,1.85,551.24,375.69,397.63,419.84,3.31,23.38,12.57,1.87,1.1,24.78,36.01,39.15,4.32,2.13,0.01,1.93,0.01,0,0.18,2.19,7.2,4.12,3.18,1.33,1.96,0.49,15.46,5.51,0.45,2.37,7.22,2.68,2.29,0.37,12.99,1.53,2.02,0.42,1.61,0.73,0.64,6,1.03,0.3,14.73,0.62,0.67,0.29,0.24,0.93,0.7,0.48,N
863,21211,353.73,112.34,89.61,25.61,79.46,16.95,10.88,23.67,389.14,152.08,13.18,137.2,10.3,-0.48,0.71,-0.32,-1.91,-0.42,0.17,0.55,0.11,0.33,0.3,0.44,0.28,1.36,0.45,5.96,1.39,0.09,0.07,1.9,555.81,373.6,392.89,415.01,3.3,24.8,15.42,1.88,1.11,22.51,38.43,39.98,3.07,0.21,0,0,0,0,0.21,2.86,8.76,6.06,4.16,2.61,1.79,0.95,15.14,5.77,0.56,2.05,5.65,3.96,2.82,1.13,15.19,1.79,3.63,0.95,2.36,0.78,0.64,5.15,1.41,0.32,13,1.39,1.25,0.54,0.63,1.76,1.49,0.73,F
944,23914,331.54,108.45,97.18,25.85,83.29,15.83,11.71,22.27,389.9,151.87,13.56,133.45,9.26,-0.44,1.11,-0.39,-2.28,-0.18,0.19,0.64,0.12,0.35,0.36,0.43,0.28,1.2,0.44,6.08,1.31,0.09,0.08,1.87,551.37,376.58,394.14,414.67,3.31,25.49,13.46,1.9,1.1,20.33,38.3,41.24,5.24,2.42,0,2.12,0.01,0,0.29,2.82,7.63,5.54,3.93,2.15,1.83,0.84,15.09,6.26,0.51,2.22,5.56,3.7,2.49,1.21,16.68,1.63,3.59,1.1,2.66,0.66,0.97,6.09,1.74,0.31,12.56,1.68,1.27,0.27,0.77,1.68,1.34,0.66,F
507,11011,348.02,96.55,106.57,33.03,91.63,11.76,11.97,23.45,390.05,154.26,21.9,126.52,7.94,-0.55,0.15,0.12,-2.62,-0.38,0.14,0.54,0.08,0.3,0.31,0.51,0.34,0.62,1.31,4.54,1.23,0.09,0.08,1.9,555.45,374.05,391.62,409.04,3.51,21.72,12.33,1.9,1.08,24.17,38.85,41.75,5.94,3.13,0.01,2.82,0.01,0,0.29,2.81,6.16,6.33,4.93,1.04,3.35,0.9,14.76,6.83,0.53,2.76,3.09,3.82,2.25,1.54,18.4,1.78,4.29,1.29,2.46,0.83,0.8,7.18,1.46,0.71,13.23,1.49,1.14,0.45,0.94,2.16,1.64,0.81,N
746,16649,339.85,96.42,114.56,31.29,93.51,11.65,12.72,24.64,389.8,148.47,20.24,137.66,8.54,-0.59,0.31,57.62,-2.51,-0.46,0.15,0.51,0.09,0.32,0.33,0.47,0.31,0.64,1.28,5.54,1.24,0.09,0.08,1.86,553.09,374.51,390.52,408.23,3.47,22.32,11.62,1.89,1.08,24.01,39.1,41.75,5.27,2.74,0.01,2.56,0.01,0,0.16,2.53,6.55,5.93,4.55,1.5,2.81,0.7,15.36,6.85,0.44,2.44,4.02,2.52,1.54,0.34,2.28,3.83,1.11,2.32,0.94,0.74,7.13,1.51,0.55,0.55,12.38,2.14,1.06,0.32,0.87,2.11,1.33,0.79,N
442,11463,354.17,89.23,98.54,24.26,8.99,14.62,7.5,24.45,409.87,110.71,13.43,150.51,6.18,0.32,0.81,-0.56,-1.92,-0.2,0.15,0.59,0.1,0.31,0.35,0.44,0.3,2.03,0.25,5.72,1.32,0.09,0.09,1.8,551.69,395.66,419.3,427.41,3.15,25.57,17.28,1.83,1.06,26.08,36.35,39.43,2.27,0.04,0.03,0,0,0,0.02,2.23,9.35,3.15,2.34,1.04,1.89,0.12,16.24,5.58,0.19,1.99,8.11,2.71,2.17,0.54,12.84,1.36,2.48,0.22,0.99,0.46,0.56,6.28,0.78,0.4,12.09,0.66,1.21,0.06,0.09,0.88,0.27,0.18,F
488,12501,343.29,89.88,96.13,21.55,84.85,16.17,7.41,24.52,410.5,108.29,12.32,147.87,6.44,0.3,0.86,-0.51,-2.33,-0.32,0.16,0.58,0.11,0.33,0.34,0.41,0.26,2.27,0.24,5.88,1.34,0.09,0.09,1.79,551.99,393.54,415.95,427.68,3.05,3.34,2.44,26.03,16.88,27.98,35.53,39.75,2.34,0.06,0.02,0,0,0,0.04,2.28,8.74,3.4,2.56,1.09,1.84,0.24,15.93,6.25,0.19,1.96,9.35,3.1,2.35,0.75,13.42,1.51,2.43,0.31,1.21,0.48,0.48,6.59,0.98,0.5,11.97,0.92,1.2,0.15,0.09,0.97,0.42,0.3,F
483,9912,341.98,101.76,96.25,27.35,81.86,22.01,7.93,28.04,385.22,144.69,15.65,129.67,8.57,0.06,0.61,37.63,-2.06,0.15,0.17,0.55,0.17,0.32,0.33,0.47,0.3,2.37,0.22,5.23,1.35,0.1,0.08,1.85,555.05,391.45,407.8,427.45,3.28,21.15,13.48,1.81,1.03,32.49,36.84,39.18,3.04,0.19,0.05,0.02,0,0,0.12,2.85,8.71,6.14,3.53,1.65,3.64,0.55,14.75,5.75,0.29,1.65,7.05,2.8,2.07,0.73,14.6,1.31,3.6,0.47,2.56,0.62,0.51,5.64,0.9,0.77,12.64,0.66,1.42,0.3,0.2,0.87,0.81,0.45,N
493,9198,327.01,91.05,101.62,27.09,53.85,24.62,13.64,24.98,396.42,137.4,16.38,133.71,7.07,-0.01,0.43,-0.25,-1.84,0.24,0.18,0.54,0.11,0.3,0.31,0.47,0.3,0.18,2.55,4.25,1.29,0.1,0.09,1.81,554.92,393.79,413.22,431.1,3.05,19.82,11.41,1.8,1.02,34.3,34.39,40.16,7.2,5.36,0,5.23,0,0,0.13,1.84,6.21,6.01,3.11,1.72,3.75,0.32,14.42,5.76,0.21,2.26,7.25,2.49,1.86,0.63,15.91,1.21,3.17,0.32,2.6,0.58,0.56,7.51,0.7,0.84,12.39,0.45,1.52,0.21,0.17,0.83,0.59,0.34,N
